<?xml version="1.0" encoding="UTF-8"?>
<GenRun Id="irom_synth_1" LaunchPart="xc7a100tfgg484-1" LaunchTime="1657614707">
  <File Type="PA-TCL" Name="irom.tcl"/>
  <File Type="RDS-PROPCONSTRS" Name="irom_drc_synth.rpt"/>
  <File Type="REPORTS-TCL" Name="irom_reports.tcl"/>
  <File Type="RDS-RDS" Name="irom.vds"/>
  <File Type="RDS-UTIL" Name="irom_utilization_synth.rpt"/>
  <File Type="RDS-UTIL-PB" Name="irom_utilization_synth.pb"/>
  <File Type="RDS-DCP" Name="irom.dcp"/>
  <File Type="VDS-TIMINGSUMMARY" Name="irom_timing_summary_synth.rpt"/>
  <File Type="VDS-TIMING-PB" Name="irom_timing_summary_synth.pb"/>
  <FileSet Name="sources" Type="BlockSrcs" RelSrcDir="$PSRCDIR/irom">
    <File Path="$PSRCDIR/sources_1/ip/irom/irom.xci">
      <FileInfo>
        <Attr Name="UsedIn" Val="synthesis"/>
        <Attr Name="UsedIn" Val="implementation"/>
        <Attr Name="UsedIn" Val="simulation"/>
      </FileInfo>
    </File>
    <Config>
      <Option Name="TopModule" Val="irom"/>
      <Option Name="UseBlackboxStub" Val="1"/>
    </Config>
  </FileSet>
  <FileSet Name="constrs_in" Type="BlockSrcs" RelSrcDir="$PSRCDIR/irom">
    <File Path="$PSRCDIR/sources_1/ip/irom/irom.xci">
      <FileInfo>
        <Attr Name="UsedIn" Val="synthesis"/>
        <Attr Name="UsedIn" Val="implementation"/>
        <Attr Name="UsedIn" Val="simulation"/>
      </FileInfo>
    </File>
    <Config>
      <Option Name="TopModule" Val="irom"/>
      <Option Name="UseBlackboxStub" Val="1"/>
    </Config>
  </FileSet>
  <FileSet Name="utils" Type="Utils" RelSrcDir="$PSRCDIR/utils_1">
    <Filter Type="Utils"/>
    <Config>
      <Option Name="TopAutoSet" Val="TRUE"/>
    </Config>
  </FileSet>
  <Strategy Version="1" Minor="2">
    <StratHandle Name="Vivado Synthesis Defaults" Flow="Vivado Synthesis 2018">
      <Desc>Vivado Synthesis Defaults</Desc>
    </StratHandle>
    <Step Id="synth_design"/>
  </Strategy>
</GenRun>
